name,address,lng,lat,facility_type,business_period,open_time,close_time,is_24h,night_ratio,night_service,tel,adcode,pcode,citycode,source
,,114.0288363,22.5690875,kindergarten,,,,False,0.0,False,,,,,osm
,,113.8822827,22.4841385,kindergarten,,,,False,0.0,False,,,,,osm
基督教宣道會錦綉幼稚園 Christian & Missionary Alliance Fairview Park Kindergarten,,114.0448117,22.4773091,kindergarten,,,,False,0.0,False,,,,,osm
下沙幼儿园,,114.0204764,22.5295296,kindergarten,,,,False,0.0,False,,,,,osm
湾夏幼儿园,,113.9286337,22.4930722,kindergarten,,,,False,0.0,False,,,,,osm
栖游记幼儿园,,113.9296948,22.4910383,kindergarten,,,,False,0.0,False,,,,,osm
神召會禮拜堂天澤幼兒園 First Assembly of God Church Tin Chak Nursery,,113.9981966,22.4690832,kindergarten,,,,False,0.0,False,,,,,osm
大埔浸信會幼稚園天澤邨分校 Tai Po Baptist Kindergarten Tin Chak Estate Branch,,113.997938,22.4685431,kindergarten,,,,False,0.0,False,,,,,osm
仁濟醫院明德幼稚園 Yan Chai Hospital Ming Tak Kindergarten,,113.9985925,22.4695939,kindergarten,,,,False,0.0,False,,,,,osm
南科大幼儿园,,113.9972451,22.6018255,kindergarten,,,,False,0.0,False,,,,,osm
宝安区机关幼儿园(集团)金成时代幼儿园,,113.8776672,22.566264,kindergarten,,,,False,0.0,False,,,,,osm
恒爱佳华书苑幼儿园,,113.9125754,22.576878,kindergarten,,,,False,0.0,False,,,,,osm
美凯思国际幼儿园,,113.8860237,22.5494899,kindergarten,,,,False,0.0,False,,,,,osm
温莎双语幼儿园,,113.8824889,22.5543213,kindergarten,,,,False,0.0,False,,,,,osm
宝安区新蕾幼儿园（集团）海城幼儿园,,113.8688182,22.5734421,kindergarten,,,,False,0.0,False,,,,,osm
新宝幼儿园,,113.8730813,22.5739636,kindergarten,,,,False,0.0,False,,,,,osm
兴华幼儿园(集团)新安湖分园,,113.9028715,22.5654005,kindergarten,,,,False,0.0,False,,,,,osm
启智幼儿园,,113.8646794,22.5857228,kindergarten,,,,False,0.0,False,,,,,osm
莱斯利幼儿园,,113.8816174,22.5498736,kindergarten,,,,False,0.0,False,,,,,osm
安乐幼儿园,,113.8969088,22.5618904,kindergarten,,,,False,0.0,False,,,,,osm
兴华幼儿园(集团)紫云分园,,113.9077567,22.5720659,kindergarten,,,,False,0.0,False,,,,,osm
温新幼儿园,,114.0373374,22.5202428,kindergarten,,,,False,0.0,False,,,,,osm
荔园教育集团附属幼儿园,,114.0407319,22.5233896,kindergarten,,,,False,0.0,False,,,,,osm
新城幼儿园(集团)中洲分园,,113.8986836,22.5766846,kindergarten,,,,False,0.0,False,,,,,osm
金晖幼儿园,,113.8793203,22.5878095,kindergarten,,,,False,0.0,False,,,,,osm
兴华幼儿园(集团)勤诚达幼儿园,,113.9062518,22.5749241,kindergarten,,,,False,0.0,False,,,,,osm
深圳市民治中学教育集团幸福枫景幼儿园,,114.02375085258437,22.633576684057196,kindergarten,,,,False,0.0,False,,,,,osm
民治小学附属幼儿园,,114.03046496584079,22.62294530584665,kindergarten,,,,False,0.0,False,,,,,osm
,,114.04243665917008,22.635183990993223,kindergarten,,,,False,0.0,False,,,,,osm
激活幼稚園 Gigamind Kindergarten,,114.0051269575559,22.460309195954803,kindergarten,,,,False,0.0,False,,,,,osm
平安福音堂幼稚園(天水圍) Peace Evangelical Centre Kindergarten(Tin Shui Wai),,114.00264266347796,22.46243090880585,kindergarten,,,,False,0.0,False,,,,,osm
深圳市特发幼儿园,,114.02500617646943,22.557451205377575,kindergarten,,,,False,0.0,False,,,,,osm
红蜻蜓幼儿园,,114.03452765016422,22.55761555266818,kindergarten,,,,False,0.0,False,,,,,osm
宝安区机关幼儿园(集团)假日名居幼儿园,,113.86597195113346,22.556538504236674,kindergarten,,,,False,0.0,False,,,,,osm
本涛实验幼儿园,,113.94581066972752,22.52607199624438,kindergarten,,,,False,0.0,False,,,,,osm
南山区红太阳幼儿园,,113.94870728427621,22.56227799211286,kindergarten,,,,False,0.0,False,,,,,osm
松坪山第一幼儿园,,113.94902877058573,22.56045531701447,kindergarten,,,,False,0.0,False,,,,,osm
宝安区机关幼儿园（集团）第五大道幼儿园,,113.87274349999998,22.556495633333338,kindergarten,,,,False,0.0,False,,,,,osm
宝安区新蕾幼儿园湾美幼儿园,,113.86378346694985,22.56517031675515,kindergarten,,,,False,0.0,False,,,,,osm
宝安区机关幼儿园,,113.87056205331571,22.558799360454643,kindergarten,,,,False,0.0,False,,,,,osm
新城幼儿园(集团)凯旋城幼儿园,,113.89459351774704,22.55066427728284,kindergarten,,,,False,0.0,False,,,,,osm
御龙居幼儿园,,113.8813876372566,22.59424327618272,kindergarten,,,,False,0.0,False,,,,,osm
景田幼儿园,,114.03603619264894,22.55992936173559,kindergarten,,,,False,0.0,False,,,,,osm
宝安区机关幼儿园（集团）万科兰乔幼儿园,,113.86790947432513,22.55997912114265,kindergarten,,,,False,0.0,False,,,,,osm
书香门第幼儿园,,114.03978425572737,22.599660600503146,kindergarten,,,,False,0.0,False,,,,,osm
育德幼儿园,,113.92831839548859,22.51411183901642,kindergarten,,,,False,0.0,False,,,,,osm
慧文幼儿园,,114.00786726239764,22.544522709225895,kindergarten,,,,False,0.0,False,,,,,osm
华侨城第一幼儿园,,113.98470835085955,22.540706370886056,kindergarten,,,,False,0.0,False,,,,,osm
宝安区新城幼儿园（集团）,,113.88370335268202,22.5523730375897,kindergarten,,,,False,0.0,False,,,,,osm
天悦幼儿园,,113.88336544809896,22.560926821773826,kindergarten,,,,False,0.0,False,,,,,osm
城建景东幼儿园,,114.04238260993463,22.54478274614579,kindergarten,,,,False,0.0,False,,,,,osm
天健爱心幼儿园,,114.04182179580958,22.54794510140139,kindergarten,,,,False,0.0,False,,,,,osm
爱德幼儿园,,113.9500234064301,22.55160173152791,kindergarten,,,,False,0.0,False,,,,,osm
半岛第三幼儿园,,113.92819405855468,22.48404881640342,kindergarten,,,,False,0.0,False,,,,,osm
明泉第二幼儿园,,113.90701729049536,22.521846029663845,kindergarten,,,,False,0.0,False,,,,,osm
中佳星海幼儿园,,113.90561460188144,22.538812755540896,kindergarten,,,,False,0.0,False,,,,,osm
星海为明幼儿园,,113.90647598632337,22.538634013616385,kindergarten,,,,False,0.0,False,,,,,osm
平山幼儿园,,113.96379590064016,22.587937325667795,kindergarten,,,,False,0.0,False,,,,,osm
兴茂幼儿园,,114.03816799966104,22.611701456039285,kindergarten,,,,False,0.0,False,,,,,osm
世界花园幼儿园,,113.97207196375466,22.542032307186314,kindergarten,,,,False,0.0,False,,,,,osm
深圳市龙华实验学校附属水榭春天幼儿园,,114.01777553531973,22.63150558958871,kindergarten,,,,False,0.0,False,,,,,osm
科苑幼儿园,,113.94380417312475,22.5490995876117,kindergarten,,,,False,0.0,False,,,,,osm
海滨红树西岸幼儿园,,113.96189077419504,22.524894506328323,kindergarten,,,,False,0.0,False,,,,,osm
培基国际幼儿园,,113.96165567151498,22.533016954734872,kindergarten,,,,False,0.0,False,,,,,osm
科技第三幼儿园,,113.94276692393038,22.5294785529325,kindergarten,,,,False,0.0,False,,,,,osm
宝源幼儿园,,113.85854458395664,22.574203920864257,kindergarten,,,,False,0.0,False,,,,,osm
马荣凯瑞金海湾幼儿园,,114.02906223193408,22.521974467483616,kindergarten,,,,False,0.0,False,,,,,osm
世纪星振业星海幼儿园,,113.90780020672399,22.542671103414165,kindergarten,,,,False,0.0,False,,,,,osm
龙瑞佳园幼儿园,,113.89575635351707,22.484801472735146,kindergarten,,,,False,0.0,False,,,,,osm
深圳市福田区石厦学校附属幼儿园,,114.04656954504333,22.5232464613495,kindergarten,,,,False,0.0,False,,,,,osm
雅麗斯俊宏軒幼稚園暨幼兒園 Agnes Kindergarten (Grandeur Terrace),,114.00193820959501,22.468575275334167,kindergarten,,,,False,0.0,False,,,,,osm
博雅幼儿园,,114.04733229990505,22.52788362001978,kindergarten,,,,False,0.0,False,,,,,osm
南山区蓓蕾幼儿园深圳湾分部,,113.93666252685664,22.499420552719773,kindergarten,,,,False,0.0,False,,,,,osm
深圳市南山区教育幼儿园,,113.92584479243382,22.526687505741886,kindergarten,,,,False,0.0,False,,,,,osm
龙华区实验幼教集团和风轩幼儿园,,114.04347393097638,22.615171797994925,kindergarten,,,,False,0.0,False,,,,,osm
大新幼儿园,,113.91725673411304,22.530449568550516,kindergarten,,,,False,0.0,False,,,,,osm
瑞河耶纳幼儿园,,113.9698675879299,22.529749091912,kindergarten,,,,False,0.0,False,,,,,osm
南头城幼儿园,,113.91805597448125,22.547861328735305,kindergarten,,,,False,0.0,False,,,,,osm
深圳市民治中学教育集团绿景公馆幼儿园,,114.02573310909509,22.62775159817724,kindergarten,,,,False,0.0,False,,,,,osm
梅花山庄幼儿园,,114.0376281136007,22.62459820537651,kindergarten,,,,False,0.0,False,,,,,osm
祥瑞华幼儿园,,114.03961556325751,22.629829106149273,kindergarten,,,,False,0.0,False,,,,,osm
深圳市民治中学教育集团梅陇镇幼儿园,,114.03007882593475,22.632221622867704,kindergarten,,,,False,0.0,False,,,,,osm
城市印象幼儿园,,113.92770705498734,22.52321230247314,kindergarten,,,,False,0.0,False,,,,,osm
瑞丰幼儿园,,113.92073908364993,22.528109907038495,kindergarten,,,,False,0.0,False,,,,,osm
前海时代第一幼儿园,,113.898702413099,22.53069339150507,kindergarten,,,,False,0.0,False,,,,,osm
深圳市锦林幼儿园,,114.03518927422114,22.56513569379352,kindergarten,,,,False,0.0,False,,,,,osm
深圳国王幼儿园,,113.89419014561223,22.50863524627909,kindergarten,,,,False,0.0,False,,,,,osm
宝安区机关幼儿园（集团）幸福海岸幼儿园,,113.87192133626343,22.56225302978788,kindergarten,,,,False,0.0,False,,,,,osm
新安海星幼儿园,,113.8852984310028,22.558459713079753,kindergarten,,,,False,0.0,False,,,,,osm
深圳市滨苑幼儿园,,114.01349406339753,22.630221080640506,kindergarten,,,,False,0.0,False,,,,,osm
,,114.0184039,22.5425389,kindergarten,,,,False,0.0,False,,,,,osm
中和华星幼儿园,,114.0387605617624,22.626244613133867,kindergarten,,,,False,0.0,False,,,,,osm
恩泽教育幼儿园,,114.03713869061038,22.62667071689099,kindergarten,,,,False,0.0,False,,,,,osm
深圳市龙华区玉龙学校附属幼儿园,,114.02463250595945,22.604553233566616,kindergarten,,,,False,0.0,False,,,,,osm
深圳市梅林一村幼儿园,,114.0351878122751,22.570756959285994,kindergarten,,,,False,0.0,False,,,,,osm
深圳市福田区梅林小学附属幼儿园,,114.03777933130628,22.567729399489675,kindergarten,,,,False,0.0,False,,,,,osm
深圳市福田区教育科学研究院附属幼儿园,,114.00405899999998,22.540518650000003,kindergarten,,,,False,0.0,False,,,,,osm
京基御景峯幼儿园,,114.00676328125078,22.598899224628003,kindergarten,,,,False,0.0,False,,,,,osm
帝景幼儿园,,113.93198197506003,22.54494463797967,kindergarten,,,,False,0.0,False,,,,,osm
润玺幼儿园,,113.95313962577025,22.546542738563346,kindergarten,,,,False,0.0,False,,,,,osm
侨香一冶广场幼儿园,,113.99401902876299,22.5455038285218,kindergarten,,,,False,0.0,False,,,,,osm
科技第一幼儿园,,113.93791131777505,22.545277938275294,kindergarten,,,,False,0.0,False,,,,,osm
豪方幼儿园,,113.9295549851263,22.547324729486903,kindergarten,,,,False,0.0,False,,,,,osm
福田区第八幼儿园,,114.0419754258018,22.511566120606012,kindergarten,,,,False,0.0,False,,,,,osm
民治第三幼教集团闻华里幼儿园,,114.0128351314223,22.63148053758352,kindergarten,,,,False,0.0,False,,,,,osm
深圳市南山区兰溪谷幼儿园,,113.90762355962649,22.491926903518554,kindergarten,,,,False,0.0,False,,,,,osm
南山幼儿园（北头东街）,,113.91237742500056,22.52461124626238,kindergarten,,,,False,0.0,False,,,,,osm
半岛第二幼儿园,,113.92681787855238,22.482949098446092,kindergarten,,,,False,0.0,False,,,,,osm
半岛第一幼儿园,,113.92659248530873,22.48148142970744,kindergarten,,,,False,0.0,False,,,,,osm
熙园幼儿园,,114.02119052589248,22.551867103709096,kindergarten,,,,False,0.0,False,,,,,osm
,,113.98817775384707,22.58937926078041,kindergarten,,,,False,0.0,False,,,,,osm
新安海贝幼儿园,,113.8878505195869,22.55819009702382,kindergarten,,,,False,0.0,False,,,,,osm
恩和园国际托育中心,,113.90919434619288,22.52070605377765,kindergarten,,,,False,0.0,False,,,,,osm
城市山林幼儿园,,113.91102592479396,22.513324164819622,kindergarten,,,,False,0.0,False,,,,,osm
南山区教育幼儿园深圳湾分部,,113.93748114013356,22.5024968225807,kindergarten,,,,False,0.0,False,,,,,osm
海月华庭幼儿园,,113.93117838232976,22.50101954643239,kindergarten,,,,False,0.0,False,,,,,osm
海月花园幼儿园,,113.93195534697928,22.507460580576808,kindergarten,,,,False,0.0,False,,,,,osm
湾厦海境界幼儿园,,113.93103651785054,22.495051989047866,kindergarten,,,,False,0.0,False,,,,,osm
北京师范大学蔚蓝海岸南区幼儿园,,113.92951151032531,22.51121030130479,kindergarten,,,,False,0.0,False,,,,,osm
蔚蓝海岸东区幼儿园,,113.93232683945611,22.514298860664848,kindergarten,,,,False,0.0,False,,,,,osm
澳城花园幼儿园,,113.93255068096073,22.49092658558304,kindergarten,,,,False,0.0,False,,,,,osm
北师大浪琴屿幼儿园,,113.9305647671563,22.51593492500039,kindergarten,,,,False,0.0,False,,,,,osm
育才第四幼儿园,,113.92314240523976,22.505466745245485,kindergarten,,,,False,0.0,False,,,,,osm
育才第三幼儿园,,113.92527765638012,22.502129843952154,kindergarten,,,,False,0.0,False,,,,,osm
桂园幼儿园,,113.92467101112962,22.506074592950363,kindergarten,,,,False,0.0,False,,,,,osm
花园城三期幼儿园,,113.91686376005626,22.500568151119072,kindergarten,,,,False,0.0,False,,,,,osm
育才阳光幼儿园,,113.9070530542511,22.526643565346454,kindergarten,,,,False,0.0,False,,,,,osm
中津雍景湾幼儿园,,113.92576995456099,22.498219863020513,kindergarten,,,,False,0.0,False,,,,,osm
大冲都市花园幼儿园,,113.9475172696617,22.547503074409676,kindergarten,,,,False,0.0,False,,,,,osm
宝安区西乡海湾幼儿园,,113.8537848462425,22.5795733907621,kindergarten,,,,False,0.0,False,,,,,osm
新城幼儿园(集团)阳光文莛幼儿园,,113.8825025048865,22.550345423560437,kindergarten,,,,False,0.0,False,,,,,osm
新城幼儿园(集团)熙龙湾幼儿园,,113.88682572210911,22.548057763466336,kindergarten,,,,False,0.0,False,,,,,osm
深圳市龙华区民治第三幼教集团天曜幼儿园,,114.01356774340557,22.628083014692873,kindergarten,,,,False,0.0,False,,,,,osm
深圳市龙华区实验幼教集团玫瑰幼儿园,,114.01289692475157,22.627562085856557,kindergarten,,,,False,0.0,False,,,,,osm
锦城幼儿园,,114.00968847569341,22.63952902944177,kindergarten,,,,False,0.0,False,,,,,osm
未来小学附属里程幼儿园,,114.00361701878101,22.636797842880064,kindergarten,,,,False,0.0,False,,,,,osm
阳光花中海九号公馆幼儿园,,113.88974200542695,22.60483156014645,kindergarten,,,,False,0.0,False,,,,,osm
和樾府幼儿园,,113.89192280692555,22.600055643327323,kindergarten,,,,False,0.0,False,,,,,osm
都会四季幼儿园,,113.89479988332138,22.601372577370157,kindergarten,,,,False,0.0,False,,,,,osm
宝安机关第二幼儿园(集团)曦城幼儿园,,113.89824294133474,22.597526369231712,kindergarten,,,,False,0.0,False,,,,,osm
宝安区机关二幼尖岗山分园,,113.91248357693917,22.589023469000697,kindergarten,,,,False,0.0,False,,,,,osm
创业二村幼儿园,,113.91496865,22.588820949999995,kindergarten,,,,False,0.0,False,,,,,osm
创业一村幼儿园,,113.91035140000002,22.583061900000004,kindergarten,,,,False,0.0,False,,,,,osm
同乐华泰幼儿园,,113.9180903343322,22.563676455056527,kindergarten,,,,False,0.0,False,,,,,osm
远洋天著幼儿园,,113.95839132476496,22.586695357326384,kindergarten,,,,False,0.0,False,,,,,osm
松坪文理幼儿园,,113.95152119564479,22.561792090314167,kindergarten,,,,False,0.0,False,,,,,osm
深圳市龙华区第五幼儿园,,114.0142414925644,22.634787582776873,kindergarten,,,,False,0.0,False,,,,,osm
深圳市龙华区红山幼教集团尚龙苑幼儿园,,114.02227549606762,22.627937925440783,kindergarten,,,,False,0.0,False,,,,,osm
香缤山幼儿园,,113.87712673524203,22.599830076783125,kindergarten,,,,False,0.0,False,,,,,osm
龙都名园幼儿园,,113.95245830671152,22.57317268176966,kindergarten,,,,False,0.0,False,,,,,osm
新桃源幼儿园,,113.97615386896139,22.55865685460158,kindergarten,,,,False,0.0,False,,,,,osm
桃源卓雅幼儿园,,113.9760286701942,22.56066168309767,kindergarten,,,,False,0.0,False,,,,,osm
桃源实验幼儿园,,113.97377882474055,22.562625854089934,kindergarten,,,,False,0.0,False,,,,,osm
新桃源第一幼儿园,,113.97353917808584,22.56115614920497,kindergarten,,,,False,0.0,False,,,,,osm
龙珠俊峰丽舍幼儿园,,113.97736119665797,22.564092015930857,kindergarten,,,,False,0.0,False,,,,,osm
天地峰景幼儿园,,113.9800485319085,22.562008167178135,kindergarten,,,,False,0.0,False,,,,,osm
深圳大学实验幼儿园香瑞分园,,113.98637030884528,22.56302597392674,kindergarten,,,,False,0.0,False,,,,,osm
桃苑幼儿园,,113.97993354117611,22.559314424943093,kindergarten,,,,False,0.0,False,,,,,osm
首地幼儿园懿府第二分园,,113.98639474360925,22.554269013561175,kindergarten,,,,False,0.0,False,,,,,osm
首地幼儿园,,113.96296616275639,22.552348247354153,kindergarten,,,,False,0.0,False,,,,,osm
香山里幼儿园,,113.96885422188508,22.556081582839123,kindergarten,,,,False,0.0,False,,,,,osm
首地幼儿园,,113.96695700678767,22.553052425249493,kindergarten,,,,False,0.0,False,,,,,osm
九曜幼儿园,,114.03878404620383,22.532530469142465,kindergarten,,,,False,0.0,False,,,,,osm
曼京创新幼儿园,,113.93109502193559,22.578457445635287,kindergarten,,,,False,0.0,False,,,,,osm
双玺幼儿园,,113.9162700904367,22.483862471004905,kindergarten,,,,False,0.0,False,,,,,osm
南山区教苑幼儿园,,113.91351956672457,22.505570438005396,kindergarten,,,,False,0.0,False,,,,,osm
睿思幼儿园,,113.92396272064403,22.51041493588014,kindergarten,,,,False,0.0,False,,,,,osm
上沙实验幼儿园,,114.02409771353314,22.528591348771187,kindergarten,,,,False,0.0,False,,,,,osm
科发幼儿园,,114.00879993929746,22.543972180897097,kindergarten,,,,False,0.0,False,,,,,osm
深圳市第九幼儿园,,114.04500483030465,22.56132364632137,kindergarten,,,,False,0.0,False,,,,,osm
梅山苑幼儿园,,114.02520239979332,22.567496921343533,kindergarten,,,,False,0.0,False,,,,,osm
深圳市福田区水榭花都幼儿园,,114.03252581132814,22.54833729149117,kindergarten,,,,False,0.0,False,,,,,osm
西浦基础教育集团外国语幼儿园,,114.0423909570193,22.517676953822495,kindergarten,,,,False,0.0,False,,,,,osm
深圳市第八幼儿园,,114.04396524791717,22.518676978201796,kindergarten,,,,False,0.0,False,,,,,osm
深圳市第五幼儿园,,114.04624350496128,22.51593171139556,kindergarten,,,,False,0.0,False,,,,,osm
新洲花园幼儿园,,114.04399120354239,22.528750746832557,kindergarten,,,,False,0.0,False,,,,,osm
深圳市福田区福新幼儿园,,114.04699164330825,22.53203684326721,kindergarten,,,,False,0.0,False,,,,,osm
华庭思博幼儿园,,114.0462499,22.5356136,kindergarten,,,,False,0.0,False,,,,,osm
新洲中学附属幼儿园,,114.0368995859999,22.528625719953844,kindergarten,,,,False,0.0,False,,,,,osm
新沙小学附属幼儿园,,114.03625656713699,22.526320449182705,kindergarten,,,,False,0.0,False,,,,,osm
福田区第三幼儿园（众孚分园）,,114.04641870863998,22.52151284673948,kindergarten,,,,False,0.0,False,,,,,osm
景莲小学附属幼儿园,,114.03853590000001,22.560871833333334,kindergarten,,,,False,0.0,False,,,,,osm
深圳市福田区嘉鑫幼儿园,,114.04187905777252,22.573918710384426,kindergarten,,,,False,0.0,False,,,,,osm
弗瑞德四季山水幼儿园,,114.03940180000001,22.574320949999997,kindergarten,,,,False,0.0,False,,,,,osm
西海湾花园幼儿园,,113.92448487723662,22.516807635095685,kindergarten,,,,False,0.0,False,,,,,osm
知行世家幼儿园,,113.92642889999998,22.516542799999996,kindergarten,,,,False,0.0,False,,,,,osm
深圳市南山区麒麟第二幼儿园,,113.92318950384183,22.547273400271475,kindergarten,,,,False,0.0,False,,,,,osm
汇金幼儿园,,113.92208522482873,22.5509255653401,kindergarten,,,,False,0.0,False,,,,,osm
新锦安幼儿园,,113.89980020256486,22.55289966611807,kindergarten,,,,False,0.0,False,,,,,osm
前海帝梵国际幼儿园,,113.85787734689292,22.56171155342156,kindergarten,,,,False,0.0,False,,,,,osm
宝安区新蕾幼儿园,,113.85865418333049,22.562467751678096,kindergarten,,,,False,0.0,False,,,,,osm
绿海名居幼儿园,,113.85324416580464,22.565609644787354,kindergarten,,,,False,0.0,False,,,,,osm
西乡缤纷幼儿园,,113.85277532228773,22.568482449396154,kindergarten,,,,False,0.0,False,,,,,osm
,,113.8580857378939,22.581042322964205,kindergarten,,,,False,0.0,False,,,,,osm
锦福幼儿园,,113.91470300999167,22.532119667996827,kindergarten,,,,False,0.0,False,,,,,osm
新安海滨幼儿园,,113.88680098636105,22.564849041695165,kindergarten,,,,False,0.0,False,,,,,osm
宝安区崛起第一幼儿园,,113.88070110000001,22.570614699999997,kindergarten,,,,False,0.0,False,,,,,osm
开屏幼儿园,,113.87924847125825,22.573317721972042,kindergarten,,,,False,0.0,False,,,,,osm
宝安区机关第二幼儿(集团)桃源居幼儿园(第二分园),,113.86085055221135,22.618968652139554,kindergarten,,,,False,0.0,False,,,,,osm
宝安区新蕾幼儿园福中福幼儿园,,113.86723311209134,22.566969906602875,kindergarten,,,,False,0.0,False,,,,,osm
翻身幼儿园,,113.8901363707985,22.567443464634998,kindergarten,,,,False,0.0,False,,,,,osm
宝安区新安爱乐幼儿园(海悦分园),,113.89538877799313,22.559136219241616,kindergarten,,,,False,0.0,False,,,,,osm
新安冠城幼儿园,,113.89881495621208,22.56822086084237,kindergarten,,,,False,0.0,False,,,,,osm
西乡悦和幼儿园,,113.85700016630828,22.576537164758577,kindergarten,,,,False,0.0,False,,,,,osm
宝安区建安新村幼儿园,,113.89251428505648,22.576758338142817,kindergarten,,,,False,0.0,False,,,,,osm
建安新村幼儿园(集团)童悦幼儿园,,113.89592191920572,22.572892774453774,kindergarten,,,,False,0.0,False,,,,,osm
宝安区兴华幼儿园,,113.90428976676196,22.57028013714155,kindergarten,,,,False,0.0,False,,,,,osm
宝安区教科院实验幼儿园,,113.90802952355679,22.56121172720374,kindergarten,,,,False,0.0,False,,,,,osm
流塘阳光幼儿园,,113.88323299840127,22.58396484523122,kindergarten,,,,False,0.0,False,,,,,osm
兴华幼儿园(集团)上合幼儿园,,113.89853383036173,22.582578573972825,kindergarten,,,,False,0.0,False,,,,,osm
上合幼儿园,,113.89675673839102,22.584415455989916,kindergarten,,,,False,0.0,False,,,,,osm
梅龙幼儿园,,114.04296395938925,22.604169297102136,kindergarten,,,,False,0.0,False,,,,,osm
民乐幼儿园,,114.04737957487947,22.600704512335223,kindergarten,,,,False,0.0,False,,,,,osm
桑泰丹华幼儿园,,113.95998117501,22.59119674795916,kindergarten,,,,False,0.0,False,,,,,osm
豪业华庭幼儿园,,113.86120558587467,22.56416523721528,kindergarten,,,,False,0.0,False,,,,,osm
宝安机关第二幼儿园(集团)未来之光幼儿园,,113.90565699716774,22.592020033062354,kindergarten,,,,False,0.0,False,,,,,osm
新安爱乐幼儿园,,113.89873231394621,22.554860964960735,kindergarten,,,,False,0.0,False,,,,,osm
伊思迪国际幼儿园,,113.897727129504,22.59888913381066,kindergarten,,,,False,0.0,False,,,,,osm
航城润科华府幼儿园,,113.85776274834643,22.62751282464952,kindergarten,,,,False,0.0,False,,,,,osm
富源第二幼儿园,,113.85503355809126,22.640204696149762,kindergarten,,,,False,0.0,False,,,,,osm
晶晶幼儿园,,113.85937369749985,22.618549079067286,kindergarten,,,,False,0.0,False,,,,,osm
菁英荟幼儿园,,113.9441212728925,22.585333863162404,kindergarten,,,,False,0.0,False,,,,,osm
福田区第二幼儿园,,114.0026475815882,22.537005141140423,kindergarten,,,,False,0.0,False,,,,,osm
大冲都市花园幼儿园高新分园,,113.9466048746453,22.538541702395335,kindergarten,,,,False,0.0,False,,,,,osm
明湾幼儿园,,113.8577105185096,22.547554577527006,kindergarten,,,,False,0.0,False,,,,,osm
半山港湾幼儿园,,113.8888403006208,22.484751550771488,kindergarten,,,,False,0.0,False,,,,,osm
杨梅红国际少儿美术教育基地,,113.9201962,22.4974809,school,,,,False,0.0,False,,,,,osm
,,113.9085786,22.4838672,school,,,,False,0.0,False,,,,,osm
南山龙苑学校,,113.9825621,22.5614814,school,,,,False,0.0,False,,,,,osm
深圳实验学校高中部,,113.93816217770357,22.589439534731042,school,,,,False,0.0,False,,,,,osm
深圳市民治中学,,114.02265872188948,22.632051999364432,school,,,,False,0.0,False,,,,,osm
深圳市展华实验学校,,114.03862149942854,22.638587653029813,school,,,,False,0.0,False,,,,,osm
深中南山创新学校,,113.93263997563695,22.574807029901386,school,,,,False,0.0,False,,,,,osm
北大附中深圳学校初中部,,114.04789382083337,22.548737118591326,school,,,,False,0.0,False,,,,,osm
深圳市福田区红岭实验学校（新洲）,,114.03609904983767,22.528645459760856,school,,,,False,0.0,False,,,,,osm
深圳大学附属中学(前海校区),,113.89223898603551,22.507371435012075,school,,,,False,0.0,False,,,,,osm
红岭中学石厦初中部,,114.04763601852108,22.520537514732112,school,,,,False,0.0,False,,,,,osm
金巴崙長老會耀道小學 C.P.C. Yao Dao Primary School,,114.00023671166072,22.463436654128852,school,,,,False,0.0,False,,,,,osm
中華基督教青年會中學 Chinese Y.M.C.A. Secondary School,,113.9994438102438,22.46355754385869,school,,,,False,0.0,False,,,,,osm
香港青年協會李兆基小學 H.K.F.Y.G. Lee Shau Kee Primary School,,114.0013641452716,22.461247565437695,school,,,,False,0.0,False,,,,,osm
賽馬會萬鈞毅智書院 The Jockey Club Man Kwan Eduyoung College,,113.99913834400849,22.46005027142507,school,,,,False,0.0,False,,,,,osm
東華三院李東海小學 Tung Wah Group of Hospitals Leo Tung-hai Lee Primary School,,113.99503050456651,22.459969023573453,school,,,,False,0.0,False,,,,,osm
香港普通話研習社科技創意小學 Xianggang Putonghua Yanxishe Primary School of Science and Creativity,,113.99862889490028,22.463921063817896,school,,,,False,0.0,False,,,,,osm
中華基督教會方潤華中學 CCC Fong Yun Wah Secondary School,,114.00606808332714,22.46466729717907,school,,,,False,0.0,False,,,,,osm
基督教培恩小學 Christian Pui Yan Primary School,,114.00517370524227,22.465075735000966,school,,,,False,0.0,False,,,,,osm
聖公會天水圍靈愛小學 S.K.H. Tin Shui Wai Ling Oi Primary School,,114.00120580564501,22.467780983663168,school,,,,False,0.0,False,,,,,osm
元朗公立中學校友會鄧英業小學 YLPMS Alumni Association Tang Ying Yip Primary School,,114.00172323410597,22.468106400918764,school,,,,False,0.0,False,,,,,osm
中華基督教青年會小學 Chinese Y.M.C.A. Primary School,,114.0005658354534,22.464128624283575,school,,,,False,0.0,False,,,,,osm
天水圍香島中學 Tin Shui Wai Heung To Middle School,,113.9967306777993,22.46593156872151,school,,,,False,0.0,False,,,,,osm
天水圍循道衛理中學 Tin Shui Wai Methodist College,,113.99976660786558,22.46435069874118,school,,,,False,0.0,False,,,,,osm
和富慈善基金李宗德小學 W F Joseph Lee Primary School,,113.99637018739074,22.465191115300918,school,,,,False,0.0,False,,,,,osm
樂善堂梁銶琚學校(分校) Lok Sin Tong Leung Kau Kui Primary School (Branch),,113.99624723239175,22.463757753358916,school,,,,False,0.0,False,,,,,osm
深圳市高级中学（中心校区）,,114.01332364219616,22.548647384188822,school,,,,False,0.0,False,,,,,osm
順德聯誼總會伍冕端小學 Shun Tak Fraternal Association Wu Mien Tuen Primary School,,114.00045411217718,22.47119836437799,school,,,,False,0.0,False,,,,,osm
深圳市第三十高级中学,,113.89068464749504,22.477346468895735,school,,,,False,0.0,False,,,,,osm
学府第一小学,,113.92825478131043,22.525804075533994,school,,,,False,0.0,False,,,,,osm
伊利沙伯中學舊生會中學 Queen Elizabeth School Old Students' Association Secondary School,,114.0035991837453,22.459576216810206,school,,,,False,0.0,False,,,,,osm
十八鄉鄉事委員會公益社小學 Shap Pat Heung Rural Committee Kung Yik She Primary School,,114.00278790310699,22.460811017823385,school,,,,False,0.0,False,,,,,osm
十八鄉鄉事委員會公益社中學 Shap Pat Heung Rural Committee Kung Yik She Secondary School,,114.00328667612374,22.46022703241772,school,,,,False,0.0,False,,,,,osm
激活英文小學 Gigamind English Primary School,,114.00533816630427,22.46054306700562,school,,,,False,0.0,False,,,,,osm
順德聯誼總會翁祐中學 Shun Tak Fraternal Association Yung Yau College,,113.99976332803381,22.470607460274735,school,,,,False,0.0,False,,,,,osm
深圳（南山）中加学校 ／ 深圳南山国际学校,,113.92412363321709,22.53211738936849,school,,,,False,0.0,False,,,,,osm
潮陽百欣小學 Chiu Yang Por Yen Primary School,,114.00655498689235,22.463144491357916,school,,,,False,0.0,False,,,,,osm
香港青年拹會李兆基書院 HKFYG Lee Shau Kee College,,114.00461447253947,22.46269674572666,school,,,,False,0.0,False,,,,,osm
萬鈞伯裘書院 Man Kwan Pak Kau College,,114.0054415639559,22.462615987953612,school,,,,False,0.0,False,,,,,osm
伊利沙伯中學舊生會湯國華中學 Queen Elizabeth School Old Students' Association Tong Kwok Wah Secondary School,,114.00658414428807,22.462574930203015,school,,,,False,0.0,False,,,,,osm
北京师范大学南山附属学校,,113.93063995308869,22.508781043336658,school,,,,False,0.0,False,,,,,osm
北京师范大学南山附属学校小学部,,113.92991473495505,22.514101987561936,school,,,,False,0.0,False,,,,,osm
育才中学,,113.91596204046306,22.496228424171512,school,,,,False,0.0,False,,,,,osm
育才第二中学,,113.92385347997966,22.49996812101324,school,,,,False,0.0,False,,,,,osm
海韵学校,,113.86651893185176,22.555890206952675,school,,,,False,0.0,False,,,,,osm
福田区实验教育集团侨香学校,,114.01188199318996,22.55819734694847,school,,,,False,0.0,False,,,,,osm
深圳市福田区外国语学校景田校区,,114.02905269805288,22.557857003193295,school,,,,False,0.0,False,,,,,osm
深圳市景田小学,,114.03007998087284,22.55987803758854,school,,,,False,0.0,False,,,,,osm
新洲小学,,114.0437449445883,22.528158446938015,school,,,,False,0.0,False,,,,,osm
深圳市南山实验教育集团麒麟中学,,113.92172778359955,22.546950711949865,school,,,,False,0.0,False,,,,,osm
育才第四小学,,113.93250578321785,22.497930730371518,school,,,,False,0.0,False,,,,,osm
华侨城中学高中部,,113.96381094116877,22.53201348541061,school,,,,False,0.0,False,,,,,osm
深圳市潜龙学校,,114.03607510955445,22.613368717876185,school,,,,False,0.0,False,,,,,osm
深圳市龙华高级中学教育集团民治校区,,114.04247573323106,22.612925480220362,school,,,,False,0.0,False,,,,,osm
深圳市石厦学校初中部,,114.04607985115494,22.52666490257952,school,,,,False,0.0,False,,,,,osm
育才第一小学,,113.91511707225335,22.49409815792295,school,,,,False,0.0,False,,,,,osm
南山外国语学校滨海中学,,113.9272539857146,22.484265144089623,school,,,,False,0.0,False,,,,,osm
深圳市第二高级中学,,113.93140538111696,22.57339163633661,school,,,,False,0.0,False,,,,,osm
深圳市景秀小学,,114.03524950774514,22.557890529115287,school,,,,False,0.0,False,,,,,osm
景莲小学,,114.04309349999998,22.561652449999997,school,,,,False,0.0,False,,,,,osm
福景外国语学校,,114.03925211476862,22.56156545920175,school,,,,False,0.0,False,,,,,osm
宣道會葉紹蔭紀念小學 Christian Alliance S.Y. Yeh Memorial Primary School,,113.99823212127976,22.467696550227576,school,,,,False,0.0,False,,,,,osm
深圳市玉龙学校,,114.02325746265652,22.606754558412046,school,,,,False,0.0,False,,,,,osm
深圳湾学校,,113.93818143875123,22.499058996978253,school,,,,False,0.0,False,,,,,osm
南海小学,,113.91833345664914,22.516626215521402,school,,,,False,0.0,False,,,,,osm
南山实验深湾小学,,113.96148430748616,22.527203711840333,school,,,,False,0.0,False,,,,,osm
深圳外国语学校国际部,,113.95988610910368,22.52724801573199,school,,,,False,0.0,False,,,,,osm
碧海小学,,113.98975045200913,22.532983504337945,school,,,,False,0.0,False,,,,,osm
深圳市南山区文理实验学校（集团）科创学校,,113.94220636130203,22.580578075294035,school,,,,False,0.0,False,,,,,osm
深圳市高级中学（中心北校区）,,114.01036008617011,22.54940711050814,school,,,,False,0.0,False,,,,,osm
聯益公立學校,,113.98962708166687,22.46283074707307,school,,,,False,0.0,False,,,,,osm
宝安中学外国语学校(集团),,113.9085040656399,22.564006386851556,school,,,,False,0.0,False,,,,,osm
新安中学（集团）高中部,,113.87007343381102,22.555944960653964,school,,,,False,0.0,False,,,,,osm
宝安小学,,113.86802780603685,22.56348014042332,school,,,,False,0.0,False,,,,,osm
育才第二小学,,113.9254161899621,22.50025533052629,school,,,,False,0.0,False,,,,,osm
海滨实验小学,,113.92019637819556,22.529075167791476,school,,,,False,0.0,False,,,,,osm
学府中学,,113.93020212481153,22.518292230962114,school,,,,False,0.0,False,,,,,osm
深圳市福田区红岭实验学校（上沙）,,114.02420863248851,22.524188438324906,school,,,,False,0.0,False,,,,,osm
深圳市上沙小学,,114.0242257637727,22.52524071960473,school,,,,False,0.0,False,,,,,osm
南山外国语学校(集团)大冲学校,,113.94737934555046,22.546542968796963,school,,,,False,0.0,False,,,,,osm
深圳科爱赛国际学校,,113.91948248837349,22.500097253691507,school,,,,False,0.0,False,,,,,osm
深圳市福田区外国语学校（竹林）,,114.0013655376817,22.539529090719252,school,,,,False,0.0,False,,,,,osm
深圳市福田区外国语小学（竹林校区）,,114.00528734316897,22.53904974859979,school,,,,False,0.0,False,,,,,osm
景秀中学,,114.03532174413233,22.55620252029092,school,,,,False,0.0,False,,,,,osm
前海港湾小学,,113.90054746000602,22.541925597614117,school,,,,False,0.0,False,,,,,osm
南山实验麒麟小学,,113.92502028983219,22.548534306522264,school,,,,False,0.0,False,,,,,osm
深圳市石厦学校小学部,,114.04755540546165,22.5271481811495,school,,,,False,0.0,False,,,,,osm
新沙小学,,114.03938948832736,22.52596738323053,school,,,,False,0.0,False,,,,,osm
南山区第二外国语学校（集团）海德学校,,113.93493316431368,22.523488076513132,school,,,,False,0.0,False,,,,,osm
南山外国语学校（集团）高新中学,,113.94672223151977,22.52656994444041,school,,,,False,0.0,False,,,,,osm
南山外国语学校（集团）科苑小学,,113.94412506294238,22.526537028237172,school,,,,False,0.0,False,,,,,osm
沙河小学,,113.9687963037072,22.545543933231453,school,,,,False,0.0,False,,,,,osm
深美国际学校,,113.92025488117649,22.49773314294546,school,,,,False,0.0,False,,,,,osm
西湾学校,,113.85170147743301,22.579293714447747,school,,,,False,0.0,False,,,,,osm
深圳市海湾中学,,113.85308630751157,22.580720316385097,school,,,,False,0.0,False,,,,,osm
深圳市红岭中学高中部,,114.0053297819602,22.562251078979934,school,,,,False,0.0,False,,,,,osm
宝安区实验学校,,113.89435303049004,22.54910433770365,school,,,,False,0.0,False,,,,,osm
宝安区实验学校(集团)海旺学校,,113.8860767971781,22.557910442229897,school,,,,False,0.0,False,,,,,osm
宝安区滨海小学,,113.88348795433963,22.559770483284872,school,,,,False,0.0,False,,,,,osm
新安中学（集团）第一实验学校,,113.8704949336063,22.564159167592035,school,,,,False,0.0,False,,,,,osm
文理实验学校（集团）文理一小,,113.92622143939006,22.58542333928395,school,,,,False,0.0,False,,,,,osm
南头中学,,113.91260240200543,22.546212447634513,school,,,,False,0.0,False,,,,,osm
深圳市沪教院福田实验学校,,114.04212568844727,22.53225163416701,school,,,,False,0.0,False,,,,,osm
宝安第一外国语学校(集团)初中部,,113.85669854774909,22.56542687389583,school,,,,False,0.0,False,,,,,osm
中英公学,,113.86145288893341,22.564747562694425,school,,,,False,0.0,False,,,,,osm
坪洲小学,,113.86350850258361,22.56683149168429,school,,,,False,0.0,False,,,,,osm
南山外国语学校(集团)科华学校,,113.95190160734982,22.54887298436039,school,,,,False,0.0,False,,,,,osm
南山外国语学校(集团)文华学校,,113.94761621358734,22.551183045020768,school,,,,False,0.0,False,,,,,osm
松坪学校中学部,,113.94600125624437,22.56292992079554,school,,,,False,0.0,False,,,,,osm
松坪学校小学部,,113.9494293647365,22.562931888935214,school,,,,False,0.0,False,,,,,osm
南山区松坪第二小学,,113.94150626673314,22.562781971144133,school,,,,False,0.0,False,,,,,osm
荔香学校,,113.91617140874968,22.539685244892134,school,,,,False,0.0,False,,,,,osm
南山实验南头小学,,113.92158906407546,22.53748073562999,school,,,,False,0.0,False,,,,,osm
南山二外同泽学校,,113.9060322351314,22.542423362432118,school,,,,False,0.0,False,,,,,osm
前海小学,,113.90664629224102,22.53770756842122,school,,,,False,0.0,False,,,,,osm
学府第二小学,,113.92457886366628,22.51882951293696,school,,,,False,0.0,False,,,,,osm
深圳市南科大实验一小,,113.9844294554553,22.592980788497538,school,,,,False,0.0,False,,,,,osm
育才第三中学,,113.93074141746533,22.499316810681787,school,,,,False,0.0,False,,,,,osm
育才太子湾学校中学部,,113.91461231714719,22.48774282376681,school,,,,False,0.0,False,,,,,osm
新莲小学,,114.04798383688723,22.562368193813867,school,,,,False,0.0,False,,,,,osm
深圳外国语小学,,114.02168736329317,22.542105564864507,school,,,,False,0.0,False,,,,,osm
深圳高级中学(集团)南校区,,114.01363572368008,22.54145597480162,school,,,,False,0.0,False,,,,,osm
深圳市公安局警察训练学校,,113.99491482533459,22.542716180417305,school,,,,False,0.0,False,,,,,osm
深圳鹏城技师学院(侨城校区),,113.9939811764284,22.540993848417767,school,,,,False,0.0,False,,,,,osm
深圳市龙珠中学,,113.97853150202437,22.56645332616651,school,,,,False,0.0,False,,,,,osm
南山实验白石洲学校,,113.96096635744718,22.54052726250046,school,,,,False,0.0,False,,,,,osm
宝安中学(集团)高中部,,113.91387317076766,22.57410304025053,school,,,,False,0.0,False,,,,,osm
宝安中学(集团)初中部,,113.91258924815888,22.57199099937921,school,,,,False,0.0,False,,,,,osm
宝安中学外国语学校(集团)新蕾小学,,113.91139257050068,22.5753384833404,school,,,,False,0.0,False,,,,,osm
深圳艺术学校(南山校区),,113.92022208276212,22.557905503863367,school,,,,False,0.0,False,,,,,osm
崛起实验中学,,113.87364455138595,22.569093067273677,school,,,,False,0.0,False,,,,,osm
海裕小学,,113.87350558082899,22.567463470556753,school,,,,False,0.0,False,,,,,osm
海岸小学,,113.93216401359697,22.492866178980144,school,,,,False,0.0,False,,,,,osm
深圳市博伦职业技术学校,,113.92119971435748,22.560101969009924,school,,,,False,0.0,False,,,,,osm
宝民小学,,113.90611835809015,22.568962892683277,school,,,,False,0.0,False,,,,,osm
月亮湾小学,,113.88728716453663,22.49186477477044,school,,,,False,0.0,False,,,,,osm
海韵学校（集团）径贝小学,,113.87023692649962,22.57083199472048,school,,,,False,0.0,False,,,,,osm
深圳市民顺小学,,114.02266123016919,22.63468379686849,school,,,,False,0.0,False,,,,,osm
华侨城小学,,113.98208951543923,22.540165916247158,school,,,,False,0.0,False,,,,,osm
华侨城中学初中部,,113.98172554127704,22.54124413506701,school,,,,False,0.0,False,,,,,osm
南山实验荔林小学,,113.89983775133182,22.51208765051007,school,,,,False,0.0,False,,,,,osm
深圳大学附属中学(中心校区),,113.88320621181937,22.4981974176711,school,,,,False,0.0,False,,,,,osm
南山实验南海中学,,113.90007554657122,22.516097483828343,school,,,,False,0.0,False,,,,,osm
南方科技大学第二实验小学,,113.99314297534052,22.59080825489249,school,,,,False,0.0,False,,,,,osm
深圳道尔顿新华公学,,114.00395585271269,22.598256695095778,school,,,,False,0.0,False,,,,,osm
育才第三小学,,113.91503268377271,22.50107842902952,school,,,,False,0.0,False,,,,,osm
蛇口国际学校小学部,,113.907069165775,22.484611751359054,school,,,,False,0.0,False,,,,,osm
深圳市福田区东海实验小学（竹园校区）,,114.01139437051336,22.54352210646372,school,,,,False,0.0,False,,,,,osm
深圳大学城丽湖实验学校,,113.95419782142827,22.59189087194034,school,,,,False,0.0,False,,,,,osm
下沙小学,,114.01827308363688,22.528371103376486,school,,,,False,0.0,False,,,,,osm
曦城协同学校,,113.89926921174224,22.59725370975363,school,,,,False,0.0,False,,,,,osm
景龙小学,,114.04052105220143,22.552903969703113,school,,,,False,0.0,False,,,,,osm
育才山海学校,,113.9046984460935,22.481545478869094,school,,,,False,0.0,False,,,,,osm
科爱赛国际学校,,113.92639904543971,22.572276148200146,school,,,,False,0.0,False,,,,,osm
深圳市白芒小学,,113.93698567854048,22.627908779108754,school,,,,False,0.0,False,,,,,osm
深圳明德实验学校,,114.02080868707183,22.55046101355177,school,,,,False,0.0,False,,,,,osm
深圳行政学院,,114.02185220898168,22.548873686770147,school,,,,False,0.0,False,,,,,osm
深圳市南山外籍人员子女学校,,113.98161594625988,22.56357248405766,school,,,,False,0.0,False,,,,,osm
深圳外国语学校（集团）龙华学校,,114.02784191848544,22.602945394502807,school,,,,False,0.0,False,,,,,osm
深圳市书香小学,,114.04111216374986,22.598046959617538,school,,,,False,0.0,False,,,,,osm
龙华区未来小学,,114.01020414703508,22.637942446365553,school,,,,False,0.0,False,,,,,osm
深圳市龙华区实验学校至真校区,,114.01463319987194,22.63170058966044,school,,,,False,0.0,False,,,,,osm
宝安中学(集团)海天学校,,113.88535513531197,22.547530788106023,school,,,,False,0.0,False,,,,,osm
南山外国语学校(集团)高级中学,,113.93814454916694,22.50184064280815,school,,,,False,0.0,False,,,,,osm
深圳湾学校小学部,,113.93822440048454,22.495790529318246,school,,,,False,0.0,False,,,,,osm
深圳大学城桃苑实验学校,,113.9813070162249,22.55903944726299,school,,,,False,0.0,False,,,,,osm
蛇口学校,,113.92671424812697,22.491556712127405,school,,,,False,0.0,False,,,,,osm
深圳市龙龙华区教育科学研究院附属实验学校,,114.02814679615678,22.62621462467869,school,,,,False,0.0,False,,,,,osm
海城小学,,113.86936157844245,22.574796919707932,school,,,,False,0.0,False,,,,,osm
深圳市平山学校,,113.95835356328861,22.590572316281015,school,,,,False,0.0,False,,,,,osm
同乐实验学校,,113.91858656256203,22.566289510875055,school,,,,False,0.0,False,,,,,osm
深圳市博纳学校,,113.91560283405362,22.562490673165925,school,,,,False,0.0,False,,,,,osm
宝安中学外国语学校(集团)宝城小学,,113.91019051007744,22.562757231164962,school,,,,False,0.0,False,,,,,osm
福新小学,,114.04544867091164,22.534477431496587,school,,,,False,0.0,False,,,,,osm
景鹏小学,,114.04223880760321,22.546114831646488,school,,,,False,0.0,False,,,,,osm
深圳市华强职业技术学校,,114.04287078270352,22.547697201103794,school,,,,False,0.0,False,,,,,osm
深圳市耀华实验学校,,114.03836029697678,22.547906437925104,school,,,,False,0.0,False,,,,,osm
南山外国语学校滨海小学,,113.92865485262857,22.484788575031637,school,,,,False,0.0,False,,,,,osm
南山实验鼎太小学,,113.9080231838024,22.5250861027364,school,,,,False,0.0,False,,,,,osm
南山区第二外国语学校（集团）前海学校,,113.90610667299099,22.53322874641695,school,,,,False,0.0,False,,,,,osm
南山实验前海港湾学校,,113.89909964547319,22.52852468314338,school,,,,False,0.0,False,,,,,osm
南山实验园丁学校,,113.91602694385885,22.55753417546016,school,,,,False,0.0,False,,,,,osm
北大附中深圳学校高中部,,113.9958054085236,22.549418261160547,school,,,,False,0.0,False,,,,,osm
清华大学深圳研究生院国际一期,,113.97666680130311,22.58966926336256,school,,,,False,0.0,False,,,,,osm
深圳市皇岗中学,,114.04792316703801,22.528307681384533,school,,,,False,0.0,False,,,,,osm
福苑小学,,114.04552994622048,22.51109607330569,school,,,,False,0.0,False,,,,,osm
荔园外国语小学(深南校区),,114.03955876906979,22.543340922341883,school,,,,False,0.0,False,,,,,osm
深圳高级中学（集团）北校区紫园,,114.0226371834783,22.62224666084202,school,,,,False,0.0,False,,,,,osm
深圳大学附属教育集团实验小学,,113.98994029653663,22.593760438297277,school,,,,False,0.0,False,,,,,osm
宝安中学(集团)实验学校,,113.91032006154596,22.588398242335842,school,,,,False,0.0,False,,,,,osm
文理实验学校（集团）文理二小,,113.94432491600976,22.574000453996415,school,,,,False,0.0,False,,,,,osm
宝安区龙山学校,,113.87376340024136,22.60195504567014,school,,,,False,0.0,False,,,,,osm
深圳市桃源居中澳实验学校,,113.86095563256767,22.61300196457578,school,,,,False,0.0,False,,,,,osm
育才太子湾学校小学部,,113.91573845917137,22.488310586113364,school,,,,False,0.0,False,,,,,osm
荔园外国语小学天骄校区,,114.03769995131431,22.554996202535815,school,,,,False,0.0,False,,,,,osm
珠光小学,,113.9582630652808,22.568918901374378,school,,,,False,0.0,False,,,,,osm
卓雅小学,,113.97694807405728,22.560427323179642,school,,,,False,0.0,False,,,,,osm
桃源小学,,113.97236816204293,22.56011756804053,school,,,,False,0.0,False,,,,,osm
香山里小学,,113.96283719660435,22.55479300723446,school,,,,False,0.0,False,,,,,osm
新安中学(集团)外国语学校,,113.88809743086641,22.60486956050243,school,,,,False,0.0,False,,,,,osm
深圳市西丽小学,,113.95240442968027,22.588554523602703,school,,,,False,0.0,False,,,,,osm
南油小学,,113.92252887614383,22.511218425249467,school,,,,False,0.0,False,,,,,osm
深大附中创新中学,,114.04698071445591,22.56404141895636,school,,,,False,0.0,False,,,,,osm
福田区实验教育集团梅园小学,,114.03344333870582,22.572010522077452,school,,,,False,0.0,False,,,,,osm
深圳市格致中学,,114.01485466120165,22.624952185846364,school,,,,False,0.0,False,,,,,osm
深圳市民治中学教育集团民新学校,,114.0296152022314,22.633550272799596,school,,,,False,0.0,False,,,,,osm
深圳市龙华高级中学,,114.02660602010035,22.60212053064375,school,,,,False,0.0,False,,,,,osm
方方乐趣中英文学校,,114.03800241393178,22.51984998189756,school,,,,False,0.0,False,,,,,osm
荔园外国语小学,,114.03863375694283,22.545795354020814,school,,,,False,0.0,False,,,,,osm
宝安区实验学校(集团)安乐小学,,113.89092517980711,22.56367870841107,school,,,,False,0.0,False,,,,,osm
新安中学(集团)初中部,,113.89770847726771,22.56664658312123,school,,,,False,0.0,False,,,,,osm
灵芝小学,,113.90690421612277,22.575152468870755,school,,,,False,0.0,False,,,,,osm
宝安小学(集团)翻身小学,,113.88445724746518,22.569547131011017,school,,,,False,0.0,False,,,,,osm
建安小学,,113.89231293306668,22.57493827667044,school,,,,False,0.0,False,,,,,osm
孝德学校,,113.90193424577163,22.577764892959056,school,,,,False,0.0,False,,,,,osm
上合小学,,113.89362023916375,22.58283125083049,school,,,,False,0.0,False,,,,,osm
流塘小学,,113.8827474128329,22.584992290793874,school,,,,False,0.0,False,,,,,osm
西乡中学(初中部),,113.8728586021219,22.58121950701955,school,,,,False,0.0,False,,,,,osm
西乡小学,,113.87179670337468,22.578941275180167,school,,,,False,0.0,False,,,,,osm
深圳市福田区外国语学校（香蜜）,,114.01758784926834,22.55920658496568,school,,,,False,0.0,False,,,,,osm
深圳市龙华区龙飞小学,,114.04345597872025,22.610509728002782,school,,,,False,0.0,False,,,,,osm
深圳市行知实验小学,,114.04015208443215,22.6172107068887,school,,,,False,0.0,False,,,,,osm
南山文理实验学校,,113.9513238067302,22.577735512608193,school,,,,False,0.0,False,,,,,osm
深圳高级中学（集团）北校区新园,,114.02294875863639,22.61799208284633,school,,,,False,0.0,False,,,,,osm
深圳市红山中学,,114.0083415623834,22.635233034172263,school,,,,False,0.0,False,,,,,osm
深圳市龙腾学校,,114.03611466628938,22.608456514436764,school,,,,False,0.0,False,,,,,osm
深圳市行知小学,,114.02576376668505,22.637113352222816,school,,,,False,0.0,False,,,,,osm
深圳市龙华区实验学校至美校区,,114.01301409125705,22.630689951964534,school,,,,False,0.0,False,,,,,osm
深圳市龙华外国语高级中学,,114.03622120538098,22.629593283530436,school,,,,False,0.0,False,,,,,osm
赤湾学校,,113.89015007130992,22.48462279681455,school,,,,False,0.0,False,,,,,osm
南头城学校,,113.9169845455653,22.5482061076892,school,,,,False,0.0,False,,,,,osm
荔湾小学,,113.88862297162622,22.50168722672954,school,,,,False,0.0,False,,,,,osm
深圳市牛栏前学校,,114.02846209475217,22.63628279602554,school,,,,False,0.0,False,,,,,osm
南山第二实验学校,,113.97043703430896,22.55429505328894,school,,,,False,0.0,False,,,,,osm
前海桂湾学校,,113.89933902655979,22.54229810927801,school,,,,False,0.0,False,,,,,osm
深圳市前海国王国际学校,,113.90253085405438,22.542620687028492,school,,,,False,0.0,False,,,,,osm
深圳国际交流书院,,114.00293625641424,22.549282684206805,school,,,,False,0.0,False,,,,,osm
,,114.02153718408452,22.542275504200358,school,,,,False,0.0,False,,,,,osm
深圳市福田区美林学校,,114.04057137964145,22.57181936751941,school,,,,False,0.0,False,,,,,osm
梅红学校,,114.04712938025173,22.570380521328644,school,,,,False,0.0,False,,,,,osm
荟同学校,,113.88288659791289,22.507462229754335,school,,,,False,0.0,False,,,,,osm
深圳中学梅香学校,,114.03655361392839,22.570809708599977,school,,,,False,0.0,False,,,,,osm
深圳明德实验学校（集团）高级中学（梅中过渡校区）,,114.04168543893682,22.56774825807665,school,,,,False,0.0,False,,,,,osm
深圳市福田区梅林小学,,114.0385293941187,22.568078464545007,school,,,,False,0.0,False,,,,,osm
深圳市普林雲海港人子弟學校,,114.03048333824198,22.562716959674372,school,,,,False,0.0,False,,,,,osm
深圳市福田区东海实验小学,,114.01502602996632,22.54463198320152,school,,,,False,0.0,False,,,,,osm
红岭实验小学(侨安校区),,114.00174570077687,22.54930467176361,school,,,,False,0.0,False,,,,,osm
宝安区文汇学校,,113.89037583103728,22.579185210965125,school,,,,False,0.0,False,,,,,osm
红岭中学（集团）深康学校,,113.9916770528507,22.54997576351567,school,,,,False,0.0,False,,,,,osm
育才实验学校,,113.98541181177063,22.553492222991903,school,,,,False,0.0,False,,,,,osm
中国科学院深圳先进技术研究院实验学校,,113.98415091137753,22.556356513128904,school,,,,False,0.0,False,,,,,osm
南山龙苑学校,,113.98224023688488,22.561734719712717,school,,,,False,0.0,False,,,,,osm
深美外籍子女学校,,113.86376913314345,22.625575994490855,school,,,,False,0.0,False,,,,,osm
深圳市南山区福华学校,,113.95417021952137,22.58613978569192,school,,,,False,0.0,False,,,,,osm
深圳市南山中英文学校,,113.88481312463165,22.48215964882765,school,,,,False,0.0,False,,,,,osm
深圳前海哈罗港人子弟学校,,113.88172737078963,22.5200769369015,school,,,,False,0.0,False,,,,,osm
南山实验西丽湖学校,,113.9421973038823,22.58624782528959,school,,,,False,0.0,False,,,,,osm
深圳大学附属教育集团外国语小学,,113.91149356234854,22.512650971967087,school,,,,False,0.0,False,,,,,osm
大新小学,,113.9108800668139,22.539064595379525,school,,,,False,0.0,False,,,,,osm
第二外国语学校阳光小学,,113.90785180287789,22.52666296354348,school,,,,False,0.0,False,,,,,osm
后海小学,,113.92821115206345,22.507253166730244,school,,,,False,0.0,False,,,,,osm
中共深圳市南山区委党校,,113.90391219557308,22.514510696139496,school,,,,False,0.0,False,,,,,osm
竹香学校,,114.00178116187284,22.54592900030238,school,,,,False,0.0,False,,,,,osm
蛇口外籍人员子女学校（太子湾校区）小学部,,113.90490967061555,22.47907650731689,school,,,,False,0.0,False,,,,,osm
深圳大学附属教育集团外国语中学,,113.98474252463423,22.587829595079377,school,,,,False,0.0,False,,,,,osm
梅山中学,,114.02620165351782,22.569524845502436,school,,,,False,0.0,False,,,,,osm
梅山小学,,114.02566505959568,22.568457321132207,school,,,,False,0.0,False,,,,,osm
冠华育才学校,,113.90056695436857,22.578149150721096,school,,,,False,0.0,False,,,,,osm
西湾学校(集团)共乐小学,,113.86601117574375,22.58081240699666,school,,,,False,0.0,False,,,,,osm
龙腾小学,,113.87057493344584,22.583378450434974,school,,,,False,0.0,False,,,,,osm
深圳贝赛思国际学校,,113.91673909649373,22.506890036424306,school,,,,False,0.0,False,,,,,osm
桃源中学,,113.9726374943814,22.56438228888481,school,,,,False,0.0,False,,,,,osm
东湾小学,,113.92545179252177,22.497256648541942,school,,,,False,0.0,False,,,,,osm
裕安学校,,113.89414356770229,22.57311666941891,school,,,,False,0.0,False,,,,,osm
华中师范大学宝安附属学校,,113.85458046047711,22.592695648932107,school,,,,False,0.0,False,,,,,osm
深圳市龙华区和平中学,,114.00223395440734,22.638823178186733,school,,,,False,0.0,False,,,,,osm
百旺学校,,113.92351619589937,22.61942463994539,school,,,,False,0.0,False,,,,,osm
丽山学校,,113.95774375140446,22.592822231636543,school,,,,False,0.0,False,,,,,osm
丽林维育学校,,113.90588162832286,22.5128277001894,school,,,,False,0.0,False,,,,,osm
宝安区翻身实验学校（东校区）,,113.88514798189652,22.56980949320954,school,,,,False,0.0,False,,,,,osm
鹤洲学校,,113.85669913232663,22.631680815911587,school,,,,False,0.0,False,,,,,osm
智园学校,,113.86298607498516,22.587675300603717,school,,,,False,0.0,False,,,,,osm
金碧实验学校,,113.87546098677727,22.5911304334211,school,,,,False,0.0,False,,,,,osm
东山书院,,113.88063985,22.571488549999998,school,,,,False,0.0,False,,,,,osm
宝安区宝龙学校,,113.90302013333333,22.585063160449213,school,,,,False,0.0,False,,,,,osm
振华学校,,113.89488958809247,22.579712234956794,school,,,,False,0.0,False,,,,,osm
永联学校,,113.89447773085624,22.57976443013339,school,,,,False,0.0,False,,,,,osm
崛起诚信实验学校,,113.91058391688411,22.568215647672318,school,,,,False,0.0,False,,,,,osm
弘雅小学,,113.88691014503452,22.57828039056791,school,,,,False,0.0,False,,,,,osm
宝安中学外国语学校(集团)新安湖小学,,113.90208344112985,22.567221582728966,school,,,,False,0.0,False,,,,,osm
凤岗小学,,113.87772536585204,22.601419176469726,school,,,,False,0.0,False,,,,,osm
南方科技大学附属中学宝安学校,,113.8962468425206,22.601820542952897,school,,,,False,0.0,False,,,,,osm
天骄小学,,113.88826951276536,22.58699356410009,school,,,,False,0.0,False,,,,,osm
,,113.93043642963681,22.640167647413744,school,,,,False,0.0,False,,,,,osm
宝安区保安服务有限公司培训基地,,113.91824277248688,22.598609293659617,school,,,,False,0.0,False,,,,,osm
深圳国际预科学院(西丽校区),,113.9584532279556,22.593154141583874,school,,,,False,0.0,False,,,,,osm
育才中学(桃花源新校区),,113.99131864420627,22.560581634583762,school,,,,False,0.0,False,,,,,osm
西乡实验学校,,113.86445693068256,22.610785126173216,school,,,,False,0.0,False,,,,,osm
五洲小学,,114.03958898337474,22.533565826578286,school,,,,False,0.0,False,,,,,osm
荔园外国语小学,,114.03347440941737,22.54893434713624,school,,,,False,0.0,False,,,,,osm
深圳市福田区红岭实验学校(上沙)新华校区,,114.03697600972164,22.527995200473473,school,,,,False,0.0,False,,,,,osm
深圳市福田区绿洲小学,,114.03476761612121,22.526003625118467,school,,,,False,0.0,False,,,,,osm
华强职业技术学校（北环校区）,,114.03821122426919,22.56199232617373,school,,,,False,0.0,False,,,,,osm
荔园外国语小学(香蜜湖),,114.0114077732027,22.55297344756548,school,,,,False,0.0,False,,,,,osm
红岭实验小学（安托山校区）,,113.99952027196008,22.5523588508725,school,,,,False,0.0,False,,,,,osm
前海湾幼儿园,,113.88217243608999,22.51400756092751,school,,,,False,0.0,False,,,,,osm
深圳前海哈罗港人子弟学校,,113.8814799210742,22.520230019464634,school,,,,False,0.0,False,,,,,osm
南山区机关幼儿园前海天境分部,,113.88422177931174,22.516405268083123,school,,,,False,0.0,False,,,,,osm
中南幼儿园,,113.89647664655008,22.553722416141298,school,,,,False,0.0,False,,,,,osm
蓓蕾幼儿园,,113.92281466448364,22.492286319816753,school,,,,False,0.0,False,,,,,osm
南山区第二外国语学校（集团）前海学校小学部,,113.9065400395735,22.532040908890615,school,,,,False,0.0,False,,,,,osm
华府小学,,113.91256356302301,22.531800969072194,school,,,,False,0.0,False,,,,,osm
冠华育才学校银丰分校,,113.87930105000001,22.57084515,school,,,,False,0.0,False,,,,,osm
宝安区前湾学校,,113.85842537426976,22.548900141578354,school,,,,False,0.0,False,,,,,osm
宝安中学(集团)海滨中学,,113.89382411174569,22.56092382370287,school,,,,False,0.0,False,,,,,osm
宝安区实验学校(集团)海乐实验学校,,113.89896995116408,22.55980183998284,school,,,,False,0.0,False,,,,,osm
西湾学校(集团)蘅芳校区,,113.86210474244893,22.577071580238638,school,,,,False,0.0,False,,,,,osm
陆兴小学,,113.88900607219831,22.59166658888235,school,,,,False,0.0,False,,,,,osm
南山外国语学校(集团)高新小学,,113.94567508298063,22.537317455788322,school,,,,False,0.0,False,,,,,osm
深圳市明湾学校,,113.85865204606911,22.54686956050705,school,,,,False,0.0,False,,,,,osm
第二外国语学校(集团)大磡小学,,113.96699405710893,22.624489484947667,school,,,,False,0.0,False,,,,,osm
宝安区区委党校,,113.90972056672096,22.568502305369083,school,,,,False,0.0,False,,,,,osm
宝安城市学院,,113.91065092106491,22.569535305329072,school,,,,False,0.0,False,,,,,osm
深圳市龙华区华南实验学校,,114.04639506480977,22.621974782732227,school,,,,False,0.0,False,,,,,osm
,,113.8944201435861,22.473321123690084,school,,,,False,0.0,False,,,,,osm
向南小学,,113.91913073345069,22.523372426473383,school,,,,False,0.0,False,,,,,osm
南山小学,,113.92241385202628,22.521709138199117,school,,,,False,0.0,False,,,,,osm
南方科技大学教育集团（南山）附属实验学校,,113.98433874323551,22.59759727063049,school,,,,False,0.0,False,,,,,osm
